{"All": {"Second Soldier": 0.002583979328165375, "LAFEU": 0.002583979328165375, "First Soldier": 0.002583979328165375, "Fourth Lord": 0.002583979328165375, "PAROLLES": 0.00516795865633075, "HELENA": 0.002583979328165375, "BERTRAM": 0.002583979328165375, "First Lord": 0.002583979328165375, "Second Lord": 0.00516795865633075, "KING": 0.002583979328165375}, "Steward": {"Clown": 0.06201550387596899, "COUNTESS": 0.1111111111111111, "HELENA": 0.06201550387596899}, "Both": {"BERTRAM": 0.002583979328165375, "PAROLLES": 0.002583979328165375, "HELENA": 0.002583979328165375, "Second Lord": 0.002583979328165375, "First Lord": 0.002583979328165375, "KING": 0.002583979328165375, "LAFEU": 0.002583979328165375}, "HELENA": {"All": 0.082687338501292, "Steward": 0.1834625322997416, "Both": 0.17571059431524547, "Fourth Lord": 0.082687338501292, "PAROLLES": 0.6640826873385013, "Page": 0.21705426356589147, "Clown": 0.3178294573643411, "First Gentleman": 0.10594315245478036, "Second Gentleman": 0.10594315245478036, "Widow": 0.3772609819121447, "KING": 0.28940568475452194, "MARIANA": 0.07751937984496124, "LAFEU": 0.5581395348837209, "DIANA": 0.19638242894056848, "Gentleman": 0.11627906976744186, "BERTRAM": 0.5581395348837209, "Second Lord": 0.25839793281653745, "COUNTESS": 0.537467700258398, "First Lord": 0.25839793281653745, "BOTH": 0.07751937984496124}, "Fourth Lord": {"All": 0.002583979328165375, "PAROLLES": 0.002583979328165375, "HELENA": 0.002583979328165375, "BERTRAM": 0.002583979328165375, "First Lord": 0.002583979328165375, "Second Lord": 0.002583979328165375, "KING": 0.002583979328165375, "LAFEU": 0.002583979328165375}, "PAROLLES": {"Both": 0.05426356589147287, "HELENA": 0.5012919896640827, "Fourth Lord": 0.15503875968992248, "Page": 0.16279069767441862, "Clown": 0.10335917312661498, "Gentleman": 0.04392764857881137, "First Soldier": 0.35658914728682173, "Widow": 0.046511627906976744, "KING": 0.2532299741602067, "LAFEU": 0.48320413436692505, "All": 0.25839793281653745, "DIANA": 0.046511627906976744, "Servant": 0.2532299741602067, "MARIANA": 0.002583979328165375, "Second Soldier": 0.10335917312661498, "BERTRAM": 0.7338501291989664, "Second Lord": 0.6072351421188631, "COUNTESS": 0.20671834625322996, "First Lord": 0.5038759689922481, "BOTH": 0.002583979328165375}, "Clown": {"Steward": 0.16020671834625322, "First Gentleman": 0.056847545219638244, "HELENA": 0.2739018087855297, "PAROLLES": 0.10335917312661498, "LAFEU": 0.1343669250645995, "COUNTESS": 0.3953488372093023, "Second Gentleman": 0.056847545219638244}, "First Gentleman": {"Second Gentleman": 0.031007751937984496, "Clown": 0.031007751937984496, "COUNTESS": 0.031007751937984496, "HELENA": 0.031007751937984496}, "DUKE": {"BERTRAM": 0.015503875968992248, "Second Lord": 0.03359173126614987, "First Lord": 0.03359173126614987}, "Widow": {"LAFEU": 0.007751937984496124, "HELENA": 0.16795865633074936, "DIANA": 0.12144702842377261, "PAROLLES": 0.11369509043927649, "Gentleman": 0.0103359173126615, "BERTRAM": 0.007751937984496124, "COUNTESS": 0.007751937984496124, "BOTH": 0.10594315245478036, "KING": 0.007751937984496124, "MARIANA": 0.10594315245478036}, "KING": {"Both": 0.20671834625322996, "HELENA": 0.8242894056847545, "Fourth Lord": 0.19896640826873385, "PAROLLES": 0.8242894056847545, "Gentleman": 0.4186046511627907, "Widow": 0.4186046511627907, "LAFEU": 0.8242894056847545, "All": 0.19896640826873385, "DIANA": 0.4186046511627907, "BERTRAM": 1.0, "Second Lord": 0.5813953488372093, "COUNTESS": 0.4186046511627907, "First Lord": 0.5813953488372093}, "BERTRAM": {"Both": 0.023255813953488372, "HELENA": 0.4082687338501292, "Fourth Lord": 0.09560723514211886, "PAROLLES": 0.5788113695090439, "Page": 0.023255813953488372, "Gentleman": 0.16279069767441862, "DUKE": 0.020671834625323, "Widow": 0.16279069767441862, "KING": 0.2997416020671835, "All": 0.09560723514211886, "DIANA": 0.25064599483204136, "Servant": 0.08785529715762273, "First Soldier": 0.08785529715762273, "LAFEU": 0.4082687338501292, "Second Lord": 0.30749354005167956, "COUNTESS": 0.18604651162790697, "First Lord": 0.30749354005167956}, "DIANA": {"LAFEU": 0.15503875968992248, "COUNTESS": 0.15503875968992248, "HELENA": 0.21705426356589147, "KING": 0.15503875968992248, "PAROLLES": 0.20930232558139536, "BERTRAM": 0.28940568475452194, "Gentleman": 0.15503875968992248, "Widow": 0.21705426356589147, "BOTH": 0.05426356589147287, "MARIANA": 0.05426356589147287}, "Second Lord": {"Both": 0.0103359173126615, "HELENA": 0.012919896640826873, "Fourth Lord": 0.002583979328165375, "PAROLLES": 0.3462532299741602, "First Soldier": 0.24289405684754523, "DUKE": 0.020671834625323, "KING": 0.025839793281653745, "LAFEU": 0.012919896640826873, "All": 0.09560723514211886, "Second Soldier": 0.09302325581395349, "BERTRAM": 0.2661498708010336, "Servant": 0.14987080103359174, "First Lord": 0.2868217054263566}, "COUNTESS": {"Steward": 0.3385012919896641, "HELENA": 0.5426356589147286, "PAROLLES": 0.14470284237726097, "Page": 0.10335917312661498, "Clown": 0.5142118863049095, "First Gentleman": 0.12661498708010335, "Second Gentleman": 0.12661498708010335, "Widow": 0.041343669250646, "KING": 0.041343669250646, "BERTRAM": 0.14470284237726097, "DIANA": 0.041343669250646, "Gentleman": 0.041343669250646, "LAFEU": 0.18604651162790697}, "First Lord": {"Both": 0.01808785529715762, "HELENA": 0.020671834625323, "Fourth Lord": 0.002583979328165375, "PAROLLES": 0.26356589147286824, "First Soldier": 0.165374677002584, "DUKE": 0.015503875968992248, "KING": 0.03617571059431524, "LAFEU": 0.020671834625323, "All": 0.002583979328165375, "BERTRAM": 0.27906976744186046, "Second Lord": 0.29457364341085274, "Servant": 0.165374677002584}, "BOTH": {"PAROLLES": 0.002583979328165375, "MARIANA": 0.002583979328165375, "HELENA": 0.002583979328165375, "DIANA": 0.002583979328165375, "Widow": 0.002583979328165375}, "Servant": {"PAROLLES": 0.0103359173126615, "First Soldier": 0.0103359173126615, "Second Lord": 0.0103359173126615, "BERTRAM": 0.0103359173126615, "First Lord": 0.0103359173126615}, "First Soldier": {"Second Soldier": 0.03875968992248062, "All": 0.03875968992248062, "PAROLLES": 0.20155038759689922, "BERTRAM": 0.16279069767441862, "Second Lord": 0.20155038759689922, "Servant": 0.16279069767441862, "First Lord": 0.16279069767441862}, "Second Gentleman": {"COUNTESS": 0.028423772609819122, "Clown": 0.028423772609819122, "First Gentleman": 0.028423772609819122, "HELENA": 0.028423772609819122}, "MARIANA": {"PAROLLES": 0.05167958656330749, "HELENA": 0.05167958656330749, "DIANA": 0.05167958656330749, "BOTH": 0.05167958656330749, "Widow": 0.05167958656330749}, "LAFEU": {"Both": 0.082687338501292, "HELENA": 0.5400516795865633, "Fourth Lord": 0.23772609819121446, "PAROLLES": 0.5891472868217055, "Page": 0.06459948320413436, "Clown": 0.16795865633074936, "Gentleman": 0.08527131782945736, "Widow": 0.08527131782945736, "KING": 0.40568475452196384, "All": 0.23772609819121446, "DIANA": 0.08527131782945736, "BERTRAM": 0.5400516795865633, "Second Lord": 0.32041343669250644, "COUNTESS": 0.268733850129199, "First Lord": 0.32041343669250644}, "Page": {"PAROLLES": 0.002583979328165375, "BERTRAM": 0.002583979328165375, "COUNTESS": 0.002583979328165375, "HELENA": 0.002583979328165375, "LAFEU": 0.002583979328165375}, "Second Soldier": {"PAROLLES": 0.00516795865633075, "First Soldier": 0.00516795865633075, "Second Lord": 0.00516795865633075, "All": 0.00516795865633075}, "Gentleman": {"HELENA": 0.056847545219638244, "DIANA": 0.031007751937984496, "PAROLLES": 0.031007751937984496, "LAFEU": 0.031007751937984496, "BERTRAM": 0.031007751937984496, "COUNTESS": 0.031007751937984496, "Widow": 0.056847545219638244, "KING": 0.031007751937984496}}