{"First Gentleman": {"Clown": 0.031007751937984496, "COUNTESS": 0.031007751937984496, "HELENA": 0.031007751937984496, "Second Gentleman": 0.031007751937984496}, "Fourth Lord": {"KING": 0.002583979328165375, "All": 0.002583979328165375, "HELENA": 0.002583979328165375, "First Lord": 0.002583979328165375, "Second Lord": 0.002583979328165375, "BERTRAM": 0.002583979328165375, "PAROLLES": 0.002583979328165375, "LAFEU": 0.002583979328165375}, "All": {"Fourth Lord": 0.002583979328165375, "KING": 0.002583979328165375, "HELENA": 0.002583979328165375, "First Lord": 0.002583979328165375, "Second Soldier": 0.002583979328165375, "Second Lord": 0.00516795865633075, "BERTRAM": 0.002583979328165375, "First Soldier": 0.002583979328165375, "PAROLLES": 0.00516795865633075, "LAFEU": 0.002583979328165375}, "BOTH": {"PAROLLES": 0.002583979328165375, "HELENA": 0.002583979328165375, "DIANA": 0.002583979328165375, "Widow": 0.002583979328165375, "MARIANA": 0.002583979328165375}, "Second Gentleman": {"First Gentleman": 0.028423772609819122, "Clown": 0.028423772609819122, "HELENA": 0.028423772609819122, "COUNTESS": 0.028423772609819122}, "BERTRAM": {"Fourth Lord": 0.09560723514211886, "KING": 0.2997416020671835, "All": 0.09560723514211886, "HELENA": 0.4082687338501292, "Both": 0.023255813953488372, "First Lord": 0.30749354005167956, "Second Lord": 0.30749354005167956, "Page": 0.023255813953488372, "First Soldier": 0.08785529715762273, "PAROLLES": 0.5788113695090439, "Gentleman": 0.16279069767441862, "LAFEU": 0.4082687338501292, "DUKE": 0.020671834625323, "Servant": 0.08785529715762273, "DIANA": 0.25064599483204136, "Widow": 0.16279069767441862, "COUNTESS": 0.18604651162790697}, "First Soldier": {"Servant": 0.16279069767441862, "All": 0.03875968992248062, "BERTRAM": 0.16279069767441862, "Second Soldier": 0.03875968992248062, "Second Lord": 0.20155038759689922, "First Lord": 0.16279069767441862, "PAROLLES": 0.20155038759689922}, "DIANA": {"KING": 0.15503875968992248, "HELENA": 0.21705426356589147, "Widow": 0.21705426356589147, "MARIANA": 0.05426356589147287, "COUNTESS": 0.15503875968992248, "BOTH": 0.05426356589147287, "BERTRAM": 0.28940568475452194, "PAROLLES": 0.20930232558139536, "Gentleman": 0.15503875968992248, "LAFEU": 0.15503875968992248}, "Clown": {"First Gentleman": 0.056847545219638244, "Second Gentleman": 0.056847545219638244, "HELENA": 0.2739018087855297, "COUNTESS": 0.3953488372093023, "Steward": 0.16020671834625322, "PAROLLES": 0.10335917312661498, "LAFEU": 0.1343669250645995}, "Widow": {"KING": 0.007751937984496124, "HELENA": 0.16795865633074936, "COUNTESS": 0.007751937984496124, "MARIANA": 0.10594315245478036, "LAFEU": 0.007751937984496124, "BOTH": 0.10594315245478036, "BERTRAM": 0.007751937984496124, "PAROLLES": 0.11369509043927649, "Gentleman": 0.0103359173126615, "DIANA": 0.12144702842377261}, "COUNTESS": {"First Gentleman": 0.12661498708010335, "Second Gentleman": 0.12661498708010335, "KING": 0.041343669250646, "HELENA": 0.5426356589147286, "Page": 0.10335917312661498, "BERTRAM": 0.14470284237726097, "PAROLLES": 0.14470284237726097, "Gentleman": 0.041343669250646, "DIANA": 0.041343669250646, "Clown": 0.5142118863049095, "Widow": 0.041343669250646, "Steward": 0.3385012919896641, "LAFEU": 0.18604651162790697}, "KING": {"Fourth Lord": 0.19896640826873385, "All": 0.19896640826873385, "HELENA": 0.8242894056847545, "Both": 0.20671834625322996, "First Lord": 0.5813953488372093, "Second Lord": 0.5813953488372093, "BERTRAM": 1.0, "PAROLLES": 0.8242894056847545, "Gentleman": 0.4186046511627907, "DIANA": 0.4186046511627907, "Widow": 0.4186046511627907, "COUNTESS": 0.4186046511627907, "LAFEU": 0.8242894056847545}, "HELENA": {"First Gentleman": 0.10594315245478036, "Fourth Lord": 0.082687338501292, "KING": 0.28940568475452194, "Page": 0.21705426356589147, "BOTH": 0.07751937984496124, "Both": 0.17571059431524547, "BERTRAM": 0.5581395348837209, "First Lord": 0.25839793281653745, "Second Lord": 0.25839793281653745, "Widow": 0.3772609819121447, "COUNTESS": 0.537467700258398, "PAROLLES": 0.6640826873385013, "DIANA": 0.19638242894056848, "LAFEU": 0.5581395348837209, "Clown": 0.3178294573643411, "All": 0.082687338501292, "MARIANA": 0.07751937984496124, "Gentleman": 0.11627906976744186, "Second Gentleman": 0.10594315245478036, "Steward": 0.1834625322997416}, "Both": {"KING": 0.002583979328165375, "HELENA": 0.002583979328165375, "First Lord": 0.002583979328165375, "Second Lord": 0.002583979328165375, "BERTRAM": 0.002583979328165375, "PAROLLES": 0.002583979328165375, "LAFEU": 0.002583979328165375}, "MARIANA": {"HELENA": 0.05167958656330749, "BOTH": 0.05167958656330749, "DIANA": 0.05167958656330749, "Widow": 0.05167958656330749, "PAROLLES": 0.05167958656330749}, "Second Soldier": {"Second Lord": 0.00516795865633075, "All": 0.00516795865633075, "First Soldier": 0.00516795865633075, "PAROLLES": 0.00516795865633075}, "DUKE": {"Second Lord": 0.03359173126614987, "BERTRAM": 0.015503875968992248, "First Lord": 0.03359173126614987}, "First Lord": {"Fourth Lord": 0.002583979328165375, "KING": 0.03617571059431524, "All": 0.002583979328165375, "HELENA": 0.020671834625323, "Both": 0.01808785529715762, "DUKE": 0.015503875968992248, "BERTRAM": 0.27906976744186046, "First Soldier": 0.165374677002584, "PAROLLES": 0.26356589147286824, "LAFEU": 0.020671834625323, "Servant": 0.165374677002584, "Second Lord": 0.29457364341085274}, "PAROLLES": {"Fourth Lord": 0.15503875968992248, "KING": 0.2532299741602067, "All": 0.25839793281653745, "HELENA": 0.5012919896640827, "Both": 0.05426356589147287, "BERTRAM": 0.7338501291989664, "First Lord": 0.5038759689922481, "Second Soldier": 0.10335917312661498, "Second Lord": 0.6072351421188631, "Page": 0.16279069767441862, "First Soldier": 0.35658914728682173, "DIANA": 0.046511627906976744, "Gentleman": 0.04392764857881137, "LAFEU": 0.48320413436692505, "Clown": 0.10335917312661498, "Servant": 0.2532299741602067, "MARIANA": 0.002583979328165375, "Widow": 0.046511627906976744, "COUNTESS": 0.20671834625322996, "BOTH": 0.002583979328165375}, "Gentleman": {"KING": 0.031007751937984496, "HELENA": 0.056847545219638244, "PAROLLES": 0.031007751937984496, "Widow": 0.056847545219638244, "COUNTESS": 0.031007751937984496, "BERTRAM": 0.031007751937984496, "DIANA": 0.031007751937984496, "LAFEU": 0.031007751937984496}, "LAFEU": {"Fourth Lord": 0.23772609819121446, "KING": 0.40568475452196384, "All": 0.23772609819121446, "HELENA": 0.5400516795865633, "Both": 0.082687338501292, "BERTRAM": 0.5400516795865633, "First Lord": 0.32041343669250644, "Second Lord": 0.32041343669250644, "Page": 0.06459948320413436, "PAROLLES": 0.5891472868217055, "Gentleman": 0.08527131782945736, "DIANA": 0.08527131782945736, "Clown": 0.16795865633074936, "Widow": 0.08527131782945736, "COUNTESS": 0.268733850129199}, "Servant": {"Second Lord": 0.0103359173126615, "BERTRAM": 0.0103359173126615, "First Soldier": 0.0103359173126615, "PAROLLES": 0.0103359173126615, "First Lord": 0.0103359173126615}, "Second Lord": {"Fourth Lord": 0.002583979328165375, "KING": 0.025839793281653745, "All": 0.09560723514211886, "HELENA": 0.012919896640826873, "Both": 0.0103359173126615, "First Lord": 0.2868217054263566, "Second Soldier": 0.09302325581395349, "DUKE": 0.020671834625323, "BERTRAM": 0.2661498708010336, "First Soldier": 0.24289405684754523, "PAROLLES": 0.3462532299741602, "LAFEU": 0.012919896640826873, "Servant": 0.14987080103359174}, "Steward": {"Clown": 0.06201550387596899, "HELENA": 0.06201550387596899, "COUNTESS": 0.1111111111111111}, "Page": {"LAFEU": 0.002583979328165375, "BERTRAM": 0.002583979328165375, "HELENA": 0.002583979328165375, "PAROLLES": 0.002583979328165375, "COUNTESS": 0.002583979328165375}}