{"Servant": {"PAROLLES": 0.10335917312661498, "BERTRAM": 0.10335917312661498, "First Lord": 0.10335917312661498, "First Soldier": 0.10335917312661498, "Second Lord": 0.10335917312661498}, "COUNTESS": {"Widow": 0.4134366925064599, "Clown": 5.142118863049095, "HELENA": 5.426356589147287, "Steward": 3.3850129198966408, "DIANA": 0.4134366925064599, "Gentleman": 0.4134366925064599, "Page": 1.0335917312661498, "LAFEU": 1.8604651162790697, "KING": 0.4134366925064599, "First Gentleman": 1.2661498708010335, "Second Gentleman": 1.2661498708010335, "BERTRAM": 1.4470284237726097, "PAROLLES": 1.4470284237726097}, "Widow": {"HELENA": 1.6795865633074933, "COUNTESS": 0.07751937984496124, "BERTRAM": 0.07751937984496124, "LAFEU": 0.07751937984496124, "BOTH": 1.0594315245478036, "KING": 0.07751937984496124, "PAROLLES": 1.1369509043927648, "DIANA": 1.214470284237726, "MARIANA": 1.0594315245478036, "Gentleman": 0.10335917312661498}, "Steward": {"HELENA": 0.6201550387596899, "COUNTESS": 1.111111111111111, "Clown": 0.6201550387596899}, "Gentleman": {"HELENA": 0.5684754521963824, "COUNTESS": 0.31007751937984496, "Widow": 0.5684754521963824, "LAFEU": 0.31007751937984496, "KING": 0.31007751937984496, "BERTRAM": 0.31007751937984496, "PAROLLES": 0.31007751937984496, "DIANA": 0.31007751937984496}, "All": {"Fourth Lord": 0.025839793281653745, "LAFEU": 0.025839793281653745, "KING": 0.025839793281653745, "BERTRAM": 0.025839793281653745, "First Lord": 0.025839793281653745, "Second Soldier": 0.025839793281653745, "HELENA": 0.025839793281653745, "Second Lord": 0.05167958656330749, "PAROLLES": 0.05167958656330749, "First Soldier": 0.025839793281653745}, "Page": {"LAFEU": 0.025839793281653745, "COUNTESS": 0.025839793281653745, "BERTRAM": 0.025839793281653745, "PAROLLES": 0.025839793281653745, "HELENA": 0.025839793281653745}, "DUKE": {"BERTRAM": 0.15503875968992248, "First Lord": 0.33591731266149866, "Second Lord": 0.33591731266149866}, "First Soldier": {"Servant": 1.6279069767441858, "Second Soldier": 0.38759689922480617, "First Lord": 1.6279069767441858, "Second Lord": 2.0155038759689923, "BERTRAM": 1.6279069767441858, "PAROLLES": 2.0155038759689923, "All": 0.38759689922480617}, "First Gentleman": {"HELENA": 0.31007751937984496, "COUNTESS": 0.31007751937984496, "Clown": 0.31007751937984496, "Second Gentleman": 0.31007751937984496}, "Second Gentleman": {"HELENA": 0.2842377260981912, "COUNTESS": 0.2842377260981912, "Clown": 0.2842377260981912, "First Gentleman": 0.2842377260981912}, "Fourth Lord": {"LAFEU": 0.025839793281653745, "KING": 0.025839793281653745, "BERTRAM": 0.025839793281653745, "First Lord": 0.025839793281653745, "HELENA": 0.025839793281653745, "Second Lord": 0.025839793281653745, "PAROLLES": 0.025839793281653745, "All": 0.025839793281653745}, "Second Soldier": {"PAROLLES": 0.05167958656330749, "First Soldier": 0.05167958656330749, "All": 0.05167958656330749, "Second Lord": 0.05167958656330749}, "First Lord": {"Fourth Lord": 0.025839793281653745, "Servant": 1.6537467700258397, "DUKE": 0.15503875968992248, "HELENA": 0.20671834625322996, "All": 0.025839793281653745, "LAFEU": 0.20671834625322996, "KING": 0.3617571059431524, "First Soldier": 1.6537467700258397, "Second Lord": 2.945736434108527, "BERTRAM": 2.7906976744186043, "PAROLLES": 2.635658914728682, "Both": 0.1808785529715762}, "Clown": {"HELENA": 2.739018087855297, "COUNTESS": 3.953488372093023, "First Gentleman": 0.5684754521963824, "Second Gentleman": 0.5684754521963824, "PAROLLES": 1.0335917312661498, "Steward": 1.6020671834625322, "LAFEU": 1.3436692506459946}, "HELENA": {"Fourth Lord": 0.8268733850129198, "COUNTESS": 5.3746770025839785, "Widow": 3.7726098191214468, "First Lord": 2.5839793281653747, "Clown": 3.1782945736434107, "BOTH": 0.7751937984496123, "Second Gentleman": 1.0594315245478036, "Steward": 1.8346253229974159, "DIANA": 1.9638242894056845, "All": 0.8268733850129198, "Gentleman": 1.1627906976744184, "Page": 2.1705426356589146, "LAFEU": 5.581395348837209, "KING": 2.8940568475452193, "MARIANA": 0.7751937984496123, "First Gentleman": 1.0594315245478036, "Second Lord": 2.5839793281653747, "BERTRAM": 5.581395348837209, "PAROLLES": 6.640826873385013, "Both": 1.7571059431524547}, "BOTH": {"HELENA": 0.025839793281653745, "Widow": 0.025839793281653745, "PAROLLES": 0.025839793281653745, "DIANA": 0.025839793281653745, "MARIANA": 0.025839793281653745}, "DIANA": {"HELENA": 2.1705426356589146, "COUNTESS": 1.5503875968992247, "Widow": 2.1705426356589146, "LAFEU": 1.5503875968992247, "BOTH": 0.5426356589147286, "BERTRAM": 2.8940568475452193, "PAROLLES": 2.093023255813953, "Gentleman": 1.5503875968992247, "MARIANA": 0.5426356589147286, "KING": 1.5503875968992247}, "MARIANA": {"HELENA": 0.5167958656330749, "Widow": 0.5167958656330749, "PAROLLES": 0.5167958656330749, "DIANA": 0.5167958656330749, "BOTH": 0.5167958656330749}, "LAFEU": {"Fourth Lord": 2.3772609819121446, "COUNTESS": 2.6873385012919893, "Widow": 0.8527131782945736, "First Lord": 3.2041343669250644, "Clown": 1.6795865633074933, "DIANA": 0.8527131782945736, "All": 2.3772609819121446, "Gentleman": 0.8527131782945736, "Page": 0.6459948320413437, "HELENA": 5.400516795865633, "KING": 4.056847545219638, "Second Lord": 3.2041343669250644, "BERTRAM": 5.400516795865633, "PAROLLES": 5.891472868217054, "Both": 0.8268733850129198}, "KING": {"Fourth Lord": 1.9896640826873384, "COUNTESS": 4.186046511627906, "Widow": 4.186046511627906, "First Lord": 5.813953488372093, "HELENA": 8.242894056847545, "DIANA": 4.186046511627906, "All": 1.9896640826873384, "Gentleman": 4.186046511627906, "LAFEU": 8.242894056847545, "Second Lord": 5.813953488372093, "BERTRAM": 10.0, "PAROLLES": 8.242894056847545, "Both": 2.0671834625322996}, "Second Lord": {"Fourth Lord": 0.025839793281653745, "Second Soldier": 0.9302325581395349, "First Lord": 2.8682170542635657, "HELENA": 0.12919896640826872, "Servant": 1.4987080103359172, "All": 0.9560723514211885, "LAFEU": 0.12919896640826872, "KING": 0.25839793281653745, "Both": 0.10335917312661498, "First Soldier": 2.428940568475452, "BERTRAM": 2.6614987080103356, "PAROLLES": 3.4625322997416017, "DUKE": 0.20671834625322996}, "BERTRAM": {"Fourth Lord": 0.9560723514211885, "Servant": 0.8785529715762274, "COUNTESS": 1.8604651162790697, "Widow": 1.6279069767441858, "First Lord": 3.0749354005167957, "HELENA": 4.082687338501292, "DUKE": 0.20671834625322996, "DIANA": 2.5064599483204133, "All": 0.9560723514211885, "Gentleman": 1.6279069767441858, "Page": 0.23255813953488372, "LAFEU": 4.082687338501292, "KING": 2.9974160206718343, "First Soldier": 0.8785529715762274, "Second Lord": 3.0749354005167957, "PAROLLES": 5.788113695090439, "Both": 0.23255813953488372}, "PAROLLES": {"Fourth Lord": 1.5503875968992247, "Second Soldier": 1.0335917312661498, "COUNTESS": 2.0671834625322996, "Widow": 0.46511627906976744, "First Lord": 5.038759689922481, "Clown": 1.0335917312661498, "HELENA": 5.012919896640827, "BOTH": 0.025839793281653745, "DIANA": 0.46511627906976744, "All": 2.5839793281653747, "Gentleman": 0.4392764857881137, "Page": 1.6279069767441858, "LAFEU": 4.832041343669251, "KING": 2.532299741602067, "MARIANA": 0.025839793281653745, "Second Lord": 6.07235142118863, "First Soldier": 3.5658914728682167, "BERTRAM": 7.3385012919896635, "Servant": 2.532299741602067, "Both": 0.5426356589147286}, "Both": {"LAFEU": 0.025839793281653745, "KING": 0.025839793281653745, "BERTRAM": 0.025839793281653745, "First Lord": 0.025839793281653745, "Second Lord": 0.025839793281653745, "HELENA": 0.025839793281653745, "PAROLLES": 0.025839793281653745}}