{"First Lord": {"LAFEU": 0.020671834625323, "Second Lord": 0.29457364341085274, "BERTRAM": 0.27906976744186046, "KING": 0.03617571059431524, "Servant": 0.165374677002584, "PAROLLES": 0.26356589147286824, "Fourth Lord": 0.002583979328165375, "Both": 0.01808785529715762, "DUKE": 0.015503875968992248, "All": 0.002583979328165375, "HELENA": 0.020671834625323, "First Soldier": 0.165374677002584}, "BERTRAM": {"First Lord": 0.30749354005167956, "LAFEU": 0.4082687338501292, "Second Lord": 0.30749354005167956, "KING": 0.2997416020671835, "First Soldier": 0.08785529715762273, "Widow": 0.16279069767441862, "Page": 0.023255813953488372, "COUNTESS": 0.18604651162790697, "Servant": 0.08785529715762273, "PAROLLES": 0.5788113695090439, "Fourth Lord": 0.09560723514211886, "Gentleman": 0.16279069767441862, "Both": 0.023255813953488372, "DUKE": 0.020671834625323, "All": 0.09560723514211886, "HELENA": 0.4082687338501292, "DIANA": 0.25064599483204136}, "Second Lord": {"First Lord": 0.2868217054263566, "LAFEU": 0.012919896640826873, "BERTRAM": 0.2661498708010336, "KING": 0.025839793281653745, "Servant": 0.14987080103359174, "PAROLLES": 0.3462532299741602, "Fourth Lord": 0.002583979328165375, "Second Soldier": 0.09302325581395349, "Both": 0.0103359173126615, "DUKE": 0.020671834625323, "All": 0.09560723514211886, "HELENA": 0.012919896640826873, "First Soldier": 0.24289405684754523}, "Steward": {"COUNTESS": 0.1111111111111111, "Clown": 0.06201550387596899, "HELENA": 0.06201550387596899}, "First Gentleman": {"COUNTESS": 0.031007751937984496, "Clown": 0.031007751937984496, "Second Gentleman": 0.031007751937984496, "HELENA": 0.031007751937984496}, "Fourth Lord": {"First Lord": 0.002583979328165375, "LAFEU": 0.002583979328165375, "Second Lord": 0.002583979328165375, "PAROLLES": 0.002583979328165375, "BERTRAM": 0.002583979328165375, "KING": 0.002583979328165375, "All": 0.002583979328165375, "HELENA": 0.002583979328165375}, "Both": {"First Lord": 0.002583979328165375, "BERTRAM": 0.002583979328165375, "Second Lord": 0.002583979328165375, "PAROLLES": 0.002583979328165375, "LAFEU": 0.002583979328165375, "KING": 0.002583979328165375, "HELENA": 0.002583979328165375}, "All": {"First Lord": 0.002583979328165375, "LAFEU": 0.002583979328165375, "Second Lord": 0.00516795865633075, "PAROLLES": 0.00516795865633075, "Fourth Lord": 0.002583979328165375, "BERTRAM": 0.002583979328165375, "KING": 0.002583979328165375, "Second Soldier": 0.002583979328165375, "HELENA": 0.002583979328165375, "First Soldier": 0.002583979328165375}, "Clown": {"First Gentleman": 0.056847545219638244, "LAFEU": 0.1343669250645995, "Second Gentleman": 0.056847545219638244, "PAROLLES": 0.10335917312661498, "COUNTESS": 0.3953488372093023, "Steward": 0.16020671834625322, "HELENA": 0.2739018087855297}, "First Soldier": {"First Lord": 0.16279069767441862, "BERTRAM": 0.16279069767441862, "Second Lord": 0.20155038759689922, "Servant": 0.16279069767441862, "PAROLLES": 0.20155038759689922, "Second Soldier": 0.03875968992248062, "All": 0.03875968992248062}, "LAFEU": {"First Lord": 0.32041343669250644, "BERTRAM": 0.5400516795865633, "Second Lord": 0.32041343669250644, "KING": 0.40568475452196384, "Widow": 0.08527131782945736, "Page": 0.06459948320413436, "COUNTESS": 0.268733850129199, "PAROLLES": 0.5891472868217055, "Fourth Lord": 0.23772609819121446, "Gentleman": 0.08527131782945736, "Both": 0.082687338501292, "All": 0.23772609819121446, "Clown": 0.16795865633074936, "HELENA": 0.5400516795865633, "DIANA": 0.08527131782945736}, "Second Gentleman": {"COUNTESS": 0.028423772609819122, "First Gentleman": 0.028423772609819122, "Clown": 0.028423772609819122, "HELENA": 0.028423772609819122}, "Gentleman": {"BERTRAM": 0.031007751937984496, "PAROLLES": 0.031007751937984496, "LAFEU": 0.031007751937984496, "COUNTESS": 0.031007751937984496, "KING": 0.031007751937984496, "Widow": 0.056847545219638244, "HELENA": 0.056847545219638244, "DIANA": 0.031007751937984496}, "Widow": {"BERTRAM": 0.007751937984496124, "PAROLLES": 0.11369509043927649, "LAFEU": 0.007751937984496124, "COUNTESS": 0.007751937984496124, "Gentleman": 0.0103359173126615, "MARIANA": 0.10594315245478036, "BOTH": 0.10594315245478036, "HELENA": 0.16795865633074936, "DIANA": 0.12144702842377261, "KING": 0.007751937984496124}, "Page": {"COUNTESS": 0.002583979328165375, "BERTRAM": 0.002583979328165375, "HELENA": 0.002583979328165375, "PAROLLES": 0.002583979328165375, "LAFEU": 0.002583979328165375}, "HELENA": {"Clown": 0.3178294573643411, "BERTRAM": 0.5581395348837209, "Second Lord": 0.25839793281653745, "LAFEU": 0.5581395348837209, "Steward": 0.1834625322997416, "Widow": 0.3772609819121447, "Page": 0.21705426356589147, "First Gentleman": 0.10594315245478036, "COUNTESS": 0.537467700258398, "Second Gentleman": 0.10594315245478036, "First Lord": 0.25839793281653745, "PAROLLES": 0.6640826873385013, "Fourth Lord": 0.082687338501292, "KING": 0.28940568475452194, "Both": 0.17571059431524547, "All": 0.082687338501292, "BOTH": 0.07751937984496124, "Gentleman": 0.11627906976744186, "MARIANA": 0.07751937984496124, "DIANA": 0.19638242894056848}, "Servant": {"First Lord": 0.0103359173126615, "BERTRAM": 0.0103359173126615, "Second Lord": 0.0103359173126615, "PAROLLES": 0.0103359173126615, "First Soldier": 0.0103359173126615}, "PAROLLES": {"First Lord": 0.5038759689922481, "BERTRAM": 0.7338501291989664, "Second Lord": 0.6072351421188631, "LAFEU": 0.48320413436692505, "KING": 0.2532299741602067, "Widow": 0.046511627906976744, "Page": 0.16279069767441862, "COUNTESS": 0.20671834625322996, "Gentleman": 0.04392764857881137, "Servant": 0.2532299741602067, "First Soldier": 0.35658914728682173, "Fourth Lord": 0.15503875968992248, "Second Soldier": 0.10335917312661498, "Both": 0.05426356589147287, "MARIANA": 0.002583979328165375, "All": 0.25839793281653745, "BOTH": 0.002583979328165375, "Clown": 0.10335917312661498, "HELENA": 0.5012919896640827, "DIANA": 0.046511627906976744}, "Second Soldier": {"All": 0.00516795865633075, "Second Lord": 0.00516795865633075, "PAROLLES": 0.00516795865633075, "First Soldier": 0.00516795865633075}, "COUNTESS": {"Clown": 0.5142118863049095, "BERTRAM": 0.14470284237726097, "Second Gentleman": 0.12661498708010335, "LAFEU": 0.18604651162790697, "Steward": 0.3385012919896641, "Widow": 0.041343669250646, "Page": 0.10335917312661498, "First Gentleman": 0.12661498708010335, "PAROLLES": 0.14470284237726097, "KING": 0.041343669250646, "Gentleman": 0.041343669250646, "HELENA": 0.5426356589147286, "DIANA": 0.041343669250646}, "DUKE": {"First Lord": 0.03359173126614987, "BERTRAM": 0.015503875968992248, "Second Lord": 0.03359173126614987}, "MARIANA": {"BOTH": 0.05167958656330749, "Widow": 0.05167958656330749, "PAROLLES": 0.05167958656330749, "DIANA": 0.05167958656330749, "HELENA": 0.05167958656330749}, "BOTH": {"MARIANA": 0.002583979328165375, "Widow": 0.002583979328165375, "PAROLLES": 0.002583979328165375, "DIANA": 0.002583979328165375, "HELENA": 0.002583979328165375}, "KING": {"First Lord": 0.5813953488372093, "BERTRAM": 1.0, "Second Lord": 0.5813953488372093, "LAFEU": 0.8242894056847545, "Gentleman": 0.4186046511627907, "Widow": 0.4186046511627907, "COUNTESS": 0.4186046511627907, "PAROLLES": 0.8242894056847545, "Fourth Lord": 0.19896640826873385, "Both": 0.20671834625322996, "All": 0.19896640826873385, "HELENA": 0.8242894056847545, "DIANA": 0.4186046511627907}, "DIANA": {"BERTRAM": 0.28940568475452194, "Gentleman": 0.15503875968992248, "PAROLLES": 0.20930232558139536, "LAFEU": 0.15503875968992248, "COUNTESS": 0.15503875968992248, "KING": 0.15503875968992248, "MARIANA": 0.05426356589147287, "BOTH": 0.05426356589147287, "Widow": 0.21705426356589147, "HELENA": 0.21705426356589147}}