{"First Gentleman": {"Clown": 0.031007751937984496, "HELENA": 0.031007751937984496, "COUNTESS": 0.031007751937984496, "Second Gentleman": 0.031007751937984496}, "Second Gentleman": {"Clown": 0.028423772609819122, "First Gentleman": 0.028423772609819122, "COUNTESS": 0.028423772609819122, "HELENA": 0.028423772609819122}, "DUKE": {"First Lord": 0.03359173126614987, "Second Lord": 0.03359173126614987, "BERTRAM": 0.015503875968992248}, "COUNTESS": {"HELENA": 0.5426356589147286, "Steward": 0.3385012919896641, "Widow": 0.041343669250646, "First Gentleman": 0.12661498708010335, "Second Gentleman": 0.12661498708010335, "DIANA": 0.041343669250646, "KING": 0.041343669250646, "Clown": 0.5142118863049095, "Page": 0.10335917312661498, "PAROLLES": 0.14470284237726097, "Gentleman": 0.041343669250646, "LAFEU": 0.18604651162790697, "BERTRAM": 0.14470284237726097}, "Second Lord": {"First Lord": 0.2868217054263566, "HELENA": 0.012919896640826873, "Fourth Lord": 0.002583979328165375, "All": 0.09560723514211886, "DUKE": 0.020671834625323, "KING": 0.025839793281653745, "Servant": 0.14987080103359174, "First Soldier": 0.24289405684754523, "Both": 0.0103359173126615, "PAROLLES": 0.3462532299741602, "Second Soldier": 0.09302325581395349, "LAFEU": 0.012919896640826873, "BERTRAM": 0.2661498708010336}, "MARIANA": {"HELENA": 0.05167958656330749, "PAROLLES": 0.05167958656330749, "BOTH": 0.05167958656330749, "Widow": 0.05167958656330749, "DIANA": 0.05167958656330749}, "Clown": {"HELENA": 0.2739018087855297, "COUNTESS": 0.3953488372093023, "Steward": 0.16020671834625322, "LAFEU": 0.1343669250645995, "First Gentleman": 0.056847545219638244, "PAROLLES": 0.10335917312661498, "Second Gentleman": 0.056847545219638244}, "All": {"First Lord": 0.002583979328165375, "HELENA": 0.002583979328165375, "Fourth Lord": 0.002583979328165375, "LAFEU": 0.002583979328165375, "Second Lord": 0.00516795865633075, "First Soldier": 0.002583979328165375, "PAROLLES": 0.00516795865633075, "Second Soldier": 0.002583979328165375, "KING": 0.002583979328165375, "BERTRAM": 0.002583979328165375}, "Second Soldier": {"First Soldier": 0.00516795865633075, "PAROLLES": 0.00516795865633075, "Second Lord": 0.00516795865633075, "All": 0.00516795865633075}, "LAFEU": {"First Lord": 0.32041343669250644, "HELENA": 0.5400516795865633, "Fourth Lord": 0.23772609819121446, "All": 0.23772609819121446, "Widow": 0.08527131782945736, "DIANA": 0.08527131782945736, "KING": 0.40568475452196384, "Clown": 0.16795865633074936, "COUNTESS": 0.268733850129199, "Second Lord": 0.32041343669250644, "Both": 0.082687338501292, "Page": 0.06459948320413436, "PAROLLES": 0.5891472868217055, "Gentleman": 0.08527131782945736, "BERTRAM": 0.5400516795865633}, "BERTRAM": {"First Lord": 0.30749354005167956, "HELENA": 0.4082687338501292, "Fourth Lord": 0.09560723514211886, "All": 0.09560723514211886, "DUKE": 0.020671834625323, "KING": 0.2997416020671835, "Servant": 0.08785529715762273, "First Soldier": 0.08785529715762273, "DIANA": 0.25064599483204136, "COUNTESS": 0.18604651162790697, "Second Lord": 0.30749354005167956, "Both": 0.023255813953488372, "Page": 0.023255813953488372, "LAFEU": 0.4082687338501292, "Gentleman": 0.16279069767441862, "PAROLLES": 0.5788113695090439, "Widow": 0.16279069767441862}, "First Lord": {"HELENA": 0.020671834625323, "Fourth Lord": 0.002583979328165375, "All": 0.002583979328165375, "DUKE": 0.015503875968992248, "KING": 0.03617571059431524, "Servant": 0.165374677002584, "First Soldier": 0.165374677002584, "Second Lord": 0.29457364341085274, "Both": 0.01808785529715762, "PAROLLES": 0.26356589147286824, "LAFEU": 0.020671834625323, "BERTRAM": 0.27906976744186046}, "HELENA": {"First Lord": 0.25839793281653745, "First Gentleman": 0.10594315245478036, "Fourth Lord": 0.082687338501292, "Steward": 0.1834625322997416, "Widow": 0.3772609819121447, "DIANA": 0.19638242894056848, "All": 0.082687338501292, "KING": 0.28940568475452194, "BOTH": 0.07751937984496124, "Clown": 0.3178294573643411, "COUNTESS": 0.537467700258398, "Second Lord": 0.25839793281653745, "MARIANA": 0.07751937984496124, "Second Gentleman": 0.10594315245478036, "Both": 0.17571059431524547, "Page": 0.21705426356589147, "PAROLLES": 0.6640826873385013, "Gentleman": 0.11627906976744186, "LAFEU": 0.5581395348837209, "BERTRAM": 0.5581395348837209}, "Fourth Lord": {"First Lord": 0.002583979328165375, "HELENA": 0.002583979328165375, "Second Lord": 0.002583979328165375, "All": 0.002583979328165375, "LAFEU": 0.002583979328165375, "PAROLLES": 0.002583979328165375, "KING": 0.002583979328165375, "BERTRAM": 0.002583979328165375}, "Steward": {"Clown": 0.06201550387596899, "HELENA": 0.06201550387596899, "COUNTESS": 0.1111111111111111}, "Widow": {"HELENA": 0.16795865633074936, "COUNTESS": 0.007751937984496124, "Gentleman": 0.0103359173126615, "MARIANA": 0.10594315245478036, "LAFEU": 0.007751937984496124, "BOTH": 0.10594315245478036, "PAROLLES": 0.11369509043927649, "DIANA": 0.12144702842377261, "KING": 0.007751937984496124, "BERTRAM": 0.007751937984496124}, "BOTH": {"HELENA": 0.002583979328165375, "PAROLLES": 0.002583979328165375, "MARIANA": 0.002583979328165375, "Widow": 0.002583979328165375, "DIANA": 0.002583979328165375}, "KING": {"First Lord": 0.5813953488372093, "HELENA": 0.8242894056847545, "Fourth Lord": 0.19896640826873385, "All": 0.19896640826873385, "Widow": 0.4186046511627907, "DIANA": 0.4186046511627907, "COUNTESS": 0.4186046511627907, "Second Lord": 0.5813953488372093, "Both": 0.20671834625322996, "LAFEU": 0.8242894056847545, "Gentleman": 0.4186046511627907, "PAROLLES": 0.8242894056847545, "BERTRAM": 1.0}, "Servant": {"First Lord": 0.0103359173126615, "First Soldier": 0.0103359173126615, "PAROLLES": 0.0103359173126615, "Second Lord": 0.0103359173126615, "BERTRAM": 0.0103359173126615}, "First Soldier": {"First Lord": 0.16279069767441862, "Second Lord": 0.20155038759689922, "All": 0.03875968992248062, "PAROLLES": 0.20155038759689922, "Second Soldier": 0.03875968992248062, "Servant": 0.16279069767441862, "BERTRAM": 0.16279069767441862}, "DIANA": {"LAFEU": 0.15503875968992248, "HELENA": 0.21705426356589147, "COUNTESS": 0.15503875968992248, "MARIANA": 0.05426356589147287, "Widow": 0.21705426356589147, "BOTH": 0.05426356589147287, "PAROLLES": 0.20930232558139536, "Gentleman": 0.15503875968992248, "KING": 0.15503875968992248, "BERTRAM": 0.28940568475452194}, "Both": {"First Lord": 0.002583979328165375, "HELENA": 0.002583979328165375, "PAROLLES": 0.002583979328165375, "Second Lord": 0.002583979328165375, "LAFEU": 0.002583979328165375, "KING": 0.002583979328165375, "BERTRAM": 0.002583979328165375}, "Page": {"HELENA": 0.002583979328165375, "COUNTESS": 0.002583979328165375, "BERTRAM": 0.002583979328165375, "PAROLLES": 0.002583979328165375, "LAFEU": 0.002583979328165375}, "PAROLLES": {"First Lord": 0.5038759689922481, "HELENA": 0.5012919896640827, "Fourth Lord": 0.15503875968992248, "All": 0.25839793281653745, "Widow": 0.046511627906976744, "DIANA": 0.046511627906976744, "KING": 0.2532299741602067, "BOTH": 0.002583979328165375, "Servant": 0.2532299741602067, "First Soldier": 0.35658914728682173, "Clown": 0.10335917312661498, "COUNTESS": 0.20671834625322996, "Second Lord": 0.6072351421188631, "MARIANA": 0.002583979328165375, "Both": 0.05426356589147287, "Page": 0.16279069767441862, "LAFEU": 0.48320413436692505, "Gentleman": 0.04392764857881137, "Second Soldier": 0.10335917312661498, "BERTRAM": 0.7338501291989664}, "Gentleman": {"HELENA": 0.056847545219638244, "COUNTESS": 0.031007751937984496, "Widow": 0.056847545219638244, "DIANA": 0.031007751937984496, "PAROLLES": 0.031007751937984496, "BERTRAM": 0.031007751937984496, "KING": 0.031007751937984496, "LAFEU": 0.031007751937984496}}