{"Second Watchman": {"PARIS": 0.02386634844868735, "MONTAGUE": 0.02386634844868735, "PRINCE": 0.02386634844868735, "JULIET": 0.02386634844868735, "CAPULET": 0.02386634844868735, "PAGE": 0.02386634844868735, "LADY CAPULET": 0.02386634844868735, "ROMEO": 0.02386634844868735, "Third Watchman": 0.02386634844868735, "BALTHASAR": 0.02386634844868735, "First Watchman": 0.02386634844868735, "FRIAR LAURENCE": 0.02386634844868735}, "PARIS": {"Musician": 0.1431980906921241, "Third Musician": 0.1431980906921241, "Second Musician": 0.1431980906921241, "MONTAGUE": 0.7875894988066826, "Servant": 0.0954653937947494, "CAPULET": 1.1217183770883055, "JULIET": 1.3365155131264916, "BENVOLIO": 0.0954653937947494, "First Musician": 0.1431980906921241, "Nurse": 0.1431980906921241, "LADY CAPULET": 1.026252983293556, "PAGE": 0.7875894988066826, "Second Watchman": 0.7875894988066826, "PETER": 0.1431980906921241, "BALTHASAR": 0.7875894988066826, "ROMEO": 0.883054892601432, "First Watchman": 0.7875894988066826, "Third Watchman": 0.7875894988066826, "PRINCE": 0.7875894988066826, "FRIAR LAURENCE": 1.4797136038186158}, "MONTAGUE": {"Second Watchman": 0.23866348448687352, "First Citizen": 0.7398568019093079, "TYBALT": 0.7398568019093079, "MERCUTIO": 0.07159904534606205, "Third Watchman": 0.23866348448687352, "GREGORY": 0.6682577565632458, "JULIET": 0.23866348448687352, "CAPULET": 0.9069212410501194, "FRIAR LAURENCE": 0.23866348448687352, "PAGE": 0.23866348448687352, "LADY CAPULET": 0.9785202863961814, "PARIS": 0.23866348448687352, "First Watchman": 0.23866348448687352, "BALTHASAR": 0.23866348448687352, "ROMEO": 0.9785202863961814, "SAMPSON": 0.6682577565632458, "BENVOLIO": 0.7398568019093079, "PRINCE": 0.9785202863961814, "LADY MONTAGUE": 0.6682577565632458, "ABRAHAM": 0.6682577565632458}, "JULIET": {"PAGE": 0.3341288782816229, "PARIS": 1.4797136038186158, "TYBALT": 0.4534606205250597, "First Servant": 0.4534606205250597, "Servant": 0.6443914081145585, "CAPULET": 3.579952267303103, "Second Watchman": 0.3341288782816229, "BENVOLIO": 0.4534606205250597, "LADY  CAPULET": 0.2863961813842482, "Nurse": 10.0, "LADY CAPULET": 4.6539379474940334, "First Watchman": 0.3341288782816229, "Second Capulet": 0.4534606205250597, "BALTHASAR": 0.3341288782816229, "ROMEO": 6.205250596658711, "Second Servant": 0.7398568019093079, "Third Watchman": 0.3341288782816229, "PRINCE": 0.3341288782816229, "FRIAR LAURENCE": 1.6467780429594272, "MONTAGUE": 0.3341288782816229}, "SAMPSON": {"LADY CAPULET": 0.7398568019093079, "First Citizen": 0.7398568019093079, "TYBALT": 0.7398568019093079, "MONTAGUE": 0.7398568019093079, "ROMEO": 0.7398568019093079, "GREGORY": 0.7398568019093079, "CAPULET": 0.7398568019093079, "PRINCE": 0.7398568019093079, "BENVOLIO": 0.7398568019093079, "LADY MONTAGUE": 0.7398568019093079, "ABRAHAM": 0.7398568019093079}, "Chorus": {}, "LADY  CAPULET": {"Nurse": 0.0477326968973747, "LADY CAPULET": 0.0477326968973747, "Second Servant": 0.0477326968973747, "JULIET": 0.0477326968973747, "CAPULET": 0.0477326968973747}, "First Musician": {"Nurse": 0.21479713603818618, "Musician": 0.21479713603818618, "Third Musician": 0.21479713603818618, "PARIS": 0.21479713603818618, "LADY CAPULET": 0.21479713603818618, "Second Musician": 0.21479713603818618, "CAPULET": 0.21479713603818618, "FRIAR LAURENCE": 0.21479713603818618, "PETER": 0.21479713603818618}, "Nurse": {"Musician": 0.6682577565632458, "Third Musician": 0.6682577565632458, "PARIS": 0.6682577565632458, "TYBALT": 0.35799522673031026, "First Servant": 0.4534606205250597, "LADY CAPULET": 2.863961813842482, "CAPULET": 1.766109785202864, "JULIET": 4.105011933174224, "BENVOLIO": 1.4558472553699284, "Second Musician": 0.6682577565632458, "PETER": 1.766109785202864, "Servant": 1.8138424821002388, "MERCUTIO": 1.0978520286396183, "LADY  CAPULET": 0.0477326968973747, "Second Capulet": 0.35799522673031026, "First Musician": 0.6682577565632458, "NURSE": 1.0978520286396183, "ROMEO": 2.6252983293556085, "Second Servant": 0.5011933174224343, "FRIAR LAURENCE": 1.1933174224343677}, "MERCUTIO": {"Nurse": 2.100238663484487, "LADY CAPULET": 1.5751789976133652, "First Citizen": 1.5751789976133652, "TYBALT": 1.5751789976133652, "MONTAGUE": 1.5751789976133652, "NURSE": 2.100238663484487, "ROMEO": 6.229116945107399, "PRINCE": 1.5751789976133652, "BENVOLIO": 6.229116945107399, "PETER": 2.100238663484487}, "PAGE": {"PARIS": 0.21479713603818618, "MONTAGUE": 0.21479713603818618, "PRINCE": 0.21479713603818618, "JULIET": 0.21479713603818618, "CAPULET": 0.21479713603818618, "LADY CAPULET": 0.21479713603818618, "Second Watchman": 0.21479713603818618, "ROMEO": 0.21479713603818618, "Third Watchman": 0.21479713603818618, "BALTHASAR": 0.21479713603818618, "First Watchman": 0.21479713603818618, "FRIAR LAURENCE": 0.21479713603818618}, "First Citizen": {"TYBALT": 0.1431980906921241, "MONTAGUE": 0.1431980906921241, "MERCUTIO": 0.0954653937947494, "SAMPSON": 0.0477326968973747, "CAPULET": 0.0477326968973747, "LADY CAPULET": 0.1431980906921241, "PRINCE": 0.1431980906921241, "ROMEO": 0.1431980906921241, "BENVOLIO": 0.1431980906921241, "GREGORY": 0.0477326968973747, "LADY MONTAGUE": 0.0477326968973747, "ABRAHAM": 0.0477326968973747}, "Second Capulet": {"Nurse": 0.07159904534606205, "Servant": 0.07159904534606205, "TYBALT": 0.07159904534606205, "First Servant": 0.07159904534606205, "ROMEO": 0.07159904534606205, "BENVOLIO": 0.07159904534606205, "Second Servant": 0.07159904534606205, "JULIET": 0.07159904534606205, "CAPULET": 0.07159904534606205}, "ROMEO": {"Second Watchman": 1.9809069212410502, "First Citizen": 2.4343675417661097, "MONTAGUE": 4.41527446300716, "BENVOLIO": 5.704057279236277, "SAMPSON": 1.5751789976133652, "Nurse": 6.085918854415275, "MERCUTIO": 2.8162291169451077, "PARIS": 2.6252983293556085, "Second Capulet": 0.6682577565632458, "BALTHASAR": 3.6992840095465396, "GREGORY": 1.5751789976133652, "PAGE": 1.9809069212410502, "Third Watchman": 1.9809069212410502, "TYBALT": 3.1026252983293556, "First Servant": 0.6682577565632458, "LADY CAPULET": 4.988066825775657, "First Watchman": 1.9809069212410502, "JULIET": 5.58472553699284, "CAPULET": 5.441527446300716, "PETER": 1.0978520286396183, "LADY MONTAGUE": 1.5751789976133652, "Servant": 1.3126491646778042, "NURSE": 1.0978520286396183, "Second Servant": 0.6682577565632458, "Apothecary": 1.7183770883054894, "PRINCE": 4.41527446300716, "FRIAR LAURENCE": 4.534606205250597, "ABRAHAM": 1.5751789976133652}, "Third Watchman": {"PARIS": 0.07159904534606205, "MONTAGUE": 0.07159904534606205, "First Watchman": 0.07159904534606205, "JULIET": 0.07159904534606205, "CAPULET": 0.07159904534606205, "PAGE": 0.07159904534606205, "LADY CAPULET": 0.07159904534606205, "Second Watchman": 0.07159904534606205, "ROMEO": 0.07159904534606205, "BALTHASAR": 0.07159904534606205, "PRINCE": 0.07159904534606205, "FRIAR LAURENCE": 0.07159904534606205}, "BENVOLIO": {"Nurse": 0.3341288782816229, "First Citizen": 2.4821002386634845, "TYBALT": 2.505966587112172, "MONTAGUE": 2.4821002386634845, "Servant": 0.5011933174224343, "PRINCE": 2.4821002386634845, "JULIET": 0.02386634844868735, "CAPULET": 1.7183770883054894, "PETER": 0.31026252983293556, "First Servant": 0.02386634844868735, "MERCUTIO": 2.100238663484487, "LADY CAPULET": 2.4821002386634845, "PARIS": 0.47732696897374705, "Second Capulet": 0.02386634844868735, "Second Servant": 0.02386634844868735, "NURSE": 0.31026252983293556, "ROMEO": 3.8186157517899764, "SAMPSON": 1.2171837708830548, "GREGORY": 1.2171837708830548, "LADY MONTAGUE": 1.2171837708830548, "ABRAHAM": 1.2171837708830548}, "GREGORY": {"LADY CAPULET": 0.47732696897374705, "First Citizen": 0.47732696897374705, "TYBALT": 0.47732696897374705, "MONTAGUE": 0.47732696897374705, "CAPULET": 0.47732696897374705, "ROMEO": 0.47732696897374705, "SAMPSON": 0.47732696897374705, "PRINCE": 0.47732696897374705, "BENVOLIO": 0.47732696897374705, "LADY MONTAGUE": 0.47732696897374705, "ABRAHAM": 0.47732696897374705}, "Musician": {"Nurse": 0.02386634844868735,