{"CAPULET": {"First Servant": 0.18377088305489261, "ABRAHAM": 0.007159904534606206, "PRINCE": 0.031026252983293555, "Third Watchman": 0.02386634844868735, "PAGE": 0.02386634844868735, "Second Capulet": 0.13365155131264916, "MONTAGUE": 0.031026252983293555, "Second Servant": 0.2458233890214797, "Third Musician": 0.06682577565632458, "Second Watchman": 0.02386634844868735, "Servant": 0.21479713603818615, "Nurse": 0.46539379474940334, "BENVOLIO": 0.22195704057279236, "First Watchman": 0.02386634844868735, "First Citizen": 0.007159904534606206, "PETER": 0.06682577565632458, "BALTHASAR": 0.02386634844868735, "TYBALT": 0.14081145584725538, "FRIAR LAURENCE": 0.09069212410501193, "JULIET": 0.3723150357995227, "LADY CAPULET": 0.43675417661097854, "Musician": 0.06682577565632458, "PARIS": 0.2458233890214797, "First Musician": 0.06682577565632458, "SAMPSON": 0.007159904534606206, "Second Musician": 0.06682577565632458, "LADY  CAPULET": 0.06205250596658711, "LADY MONTAGUE": 0.007159904534606206, "ROMEO": 0.39856801909307876, "GREGORY": 0.007159904534606206}, "First Servant": {"CAPULET": 0.02386634844868735, "Second Servant": 0.02386634844868735, "Nurse": 0.02386634844868735, "ROMEO": 0.021479713603818614, "JULIET": 0.021479713603818614, "LADY CAPULET": 0.002386634844868735, "Second Capulet": 0.021479713603818614, "Servant": 0.021479713603818614, "TYBALT": 0.021479713603818614, "BENVOLIO": 0.021479713603818614}, "Second Servant": {"First Servant": 0.016706443914081145, "CAPULET": 0.028639618138424822, "TYBALT": 0.011933174224343675, "Nurse": 0.028639618138424822, "ROMEO": 0.011933174224343675, "JULIET": 0.02386634844868735, "Second Capulet": 0.011933174224343675, "LADY CAPULET": 0.016706443914081145, "Servant": 0.011933174224343675, "BENVOLIO": 0.011933174224343675, "LADY  CAPULET": 0.011933174224343675}, "Second Capulet": {"First Servant": 0.007159904534606206, "CAPULET": 0.007159904534606206, "Second Servant": 0.007159904534606206, "Nurse": 0.007159904534606206, "JULIET": 0.007159904534606206, "BENVOLIO": 0.007159904534606206, "Servant": 0.007159904534606206, "TYBALT": 0.007159904534606206, "ROMEO": 0.007159904534606206}, "Third Watchman": {"CAPULET": 0.007159904534606206, "PAGE": 0.007159904534606206, "JULIET": 0.007159904534606206, "PRINCE": 0.007159904534606206, "MONTAGUE": 0.007159904534606206, "Second Watchman": 0.007159904534606206, "PARIS": 0.007159904534606206, "First Watchman": 0.007159904534606206, "BALTHASAR": 0.007159904534606206, "FRIAR LAURENCE": 0.007159904534606206, "LADY CAPULET": 0.007159904534606206, "ROMEO": 0.007159904534606206}, "PAGE": {"CAPULET": 0.021479713603818614, "Third Watchman": 0.021479713603818614, "JULIET": 0.021479713603818614, "PRINCE": 0.021479713603818614, "MONTAGUE": 0.021479713603818614, "Second Watchman": 0.021479713603818614, "PARIS": 0.021479713603818614, "First Watchman": 0.021479713603818614, "BALTHASAR": 0.021479713603818614, "FRIAR LAURENCE": 0.021479713603818614, "LADY CAPULET": 0.021479713603818614, "ROMEO": 0.021479713603818614}, "PRINCE": {"CAPULET": 0.1431980906921241, "ABRAHAM": 0.05489260143198091, "FRIAR LAURENCE": 0.0883054892601432, "Third Watchman": 0.0883054892601432, "PAGE": 0.0883054892601432, "JULIET": 0.0883054892601432, "LADY MONTAGUE": 0.05489260143198091, "MONTAGUE": 0.18138424821002386, "TYBALT": 0.09307875894988067, "MERCUTIO": 0.03818615751789976, "Second Watchman": 0.0883054892601432, "PARIS": 0.0883054892601432, "First Watchman": 0.0883054892601432, "SAMPSON": 0.05489260143198091, "BENVOLIO": 0.09307875894988067, "BALTHASAR": 0.0883054892601432, "First Citizen": 0.09307875894988067, "LADY CAPULET": 0.18138424821002386, "ROMEO": 0.18138424821002386, "GREGORY": 0.05489260143198091}, "MONTAGUE": {"CAPULET": 0.09069212410501193, "ABRAHAM": 0.06682577565632458, "FRIAR LAURENCE": 0.02386634844868735, "Third Watchman": 0.02386634844868735, "PAGE": 0.02386634844868735, "JULIET": 0.02386634844868735, "LADY MONTAGUE": 0.06682577565632458, "PRINCE": 0.09785202863961814, "TYBALT": 0.07398568019093078, "MERCUTIO": 0.007159904534606206, "Second Watchman": 0.02386634844868735, "PARIS": 0.02386634844868735, "First Watchman": 0.02386634844868735, "SAMPSON": 0.06682577565632458, "BENVOLIO": 0.07398568019093078, "BALTHASAR": 0.02386634844868735, "First Citizen": 0.07398568019093078, "LADY CAPULET": 0.09785202863961814, "ROMEO": 0.09785202863961814, "GREGORY": 0.06682577565632458}, "ABRAHAM": {"CAPULET": 0.011933174224343675, "TYBALT": 0.011933174224343675, "First Citizen": 0.011933174224343675, "SAMPSON": 0.011933174224343675, "BENVOLIO": 0.011933174224343675, "LADY MONTAGUE": 0.011933174224343675, "PRINCE": 0.011933174224343675, "MONTAGUE": 0.011933174224343675, "LADY CAPULET": 0.011933174224343675, "ROMEO": 0.011933174224343675, "GREGORY": 0.011933174224343675}, "Third Musician": {"CAPULET": 0.002386634844868735, "Nurse": 0.002386634844868735, "First Musician": 0.002386634844868735, "Second Musician": 0.002386634844868735, "FRIAR LAURENCE": 0.002386634844868735, "Musician": 0.002386634844868735, "LADY CAPULET": 0.002386634844868735, "PARIS": 0.002386634844868735, "PETER": 0.002386634844868735}, "Second Watchman": {"CAPULET": 0.002386634844868735, "Third Watchman": 0.002386634844868735, "PAGE": 0.002386634844868735, "JULIET": 0.002386634844868735, "PRINCE": 0.002386634844868735, "MONTAGUE": 0.002386634844868735, "PARIS": 0.002386634844868735, "First Watchman": 0.002386634844868735, "BALTHASAR": 0.002386634844868735, "FRIAR LAURENCE": 0.002386634844868735, "LADY CAPULET": 0.002386634844868735, "ROMEO": 0.002386634844868735}, "Servant": {"CAPULET": 0.045346062052505964, "First Servant": 0.002386634844868735, "Second Servant": 0.002386634844868735, "PARIS": 0.04295942720763723, "Nurse": 0.011933174224343675, "BENVOLIO": 0.045346062052505964, "Second Capulet": 0.002386634844868735, "JULIET": 0.011933174224343675, "LADY CAPULET": 0.00954653937947494, "TYBALT": 0.002386634844868735, "ROMEO": 0.045346062052505964}, "Nurse": {"First Servant": 0.045346062052505964, "CAPULET": 0.1766109785202864, "TYBALT": 0.03579952267303103, "LADY  CAPULET": 0.00477326968973747, "JULIET": 0.4105011933174224, "NURSE": 0.10978520286396182, "Second Capulet": 0.03579952267303103, "Second Servant": 0.050119331742243436, "MERCUTIO": 0.10978520286396182, "Musician": 0.06682577565632458, "Servant": 0.18138424821002386, "PARIS": 0.06682577565632458, "First Musician": 0.06682577565632458, "Third Musician": 0.06682577565632458, "BENVOLIO": 0.14558472553699284, "FRIAR LAURENCE": 0.11933174224343675, "LADY CAPULET": 0.2863961813842482, "PETER": 0.1766109785202864, "ROMEO": 0.26252983293556087, "Second Musician": 0.06682577565632458}, "MERCUTIO": {"TYBALT": 0.1575178997613365, "Nurse": 0.2100238663484487, "BENVOLIO": 0.6229116945107399, "NURSE": 0.2100238663484487, "LADY CAPULET": 0.1575178997613365, "First Citizen": 0.1575178997613365, "PRINCE": 0.1575178997613365, "MONTAGUE": 0.1575178997613365, "PETER": 0.2100238663484487, "ROMEO": 0.6229116945107399}, "BENVOLIO": {"CAPULET": 0.1718377088305489, "First Servant": 0.002386634844868735, "ABRAHAM": 0.12171837708830549, "Second Capulet": 0.002386634844868735, "Second Servant": 0.002386634844868735, "JULIET": 0.002386634844868735, "NURSE": 0.031026252983293555, "LADY MONTAGUE": 0.12171837708830549, "PRINCE": 0.24821002386634844, "MONTAGUE": 0.24821002386634844, "TYBALT": 0.25059665871121717, "MERCUTIO": 0.2100238663484487, "Servant": 0.050119331742243436, "PARIS": 0.0477326968973747, "Nurse": 0.03341288782816229, "SAMPSON": 0.12171837708830549, "First Citizen": 0.24821002386634844, "LADY CAPULET": 0.24821002386634844, "PETER": 0.031026252983293555, "ROMEO": 0.3818615751789976, "GREGORY": 0.12171837708830549}, "BALTHASAR": {"CAPULET": 0.050119331742243436, "FRIAR LAURENCE": 0.050119331742243436, "Third Watchman": 0.050119331742243436, "PAGE": 0.050119331742243436, "Apothecary": 0.026252983293556086, "PRINCE": 0.050119331742243436, "MONTAGUE": 0.050119331742243436,