{"LAFEU": {"COUNTESS": 4.666666666666667, "BERTRAM": 4.666666666666667, "HELENA": 4.666666666666667}, "PAROLLES": {"KING": 4.0, "First Lord": 4.0, "BERTRAM": 4.0}, "First Lord": {"KING": 3.3333333333333335, "PAROLLES": 2.6666666666666665, "BERTRAM": 2.6666666666666665}, "HELENA": {"LAFEU": 4.666666666666667, "COUNTESS": 4.666666666666667, "BERTRAM": 4.666666666666667}, "BERTRAM": {"LAFEU": 4.0, "COUNTESS": 4.0, "First Lord": 0.6666666666666666, "HELENA": 4.0, "KING": 0.6666666666666666, "PAROLLES": 0.6666666666666666}, "COUNTESS": {"LAFEU": 1.3333333333333333, "HELENA": 1.3333333333333333, "BERTRAM": 1.3333333333333333}, "KING": {"PAROLLES": 4.0, "First Lord": 10.0, "BERTRAM": 4.0}}